CREATE DATABASE  IF NOT EXISTS `ecommerce` /*!40100 DEFAULT CHARACTER SET utf8 */;
USE `ecommerce`;
-- MySQL dump 10.13  Distrib 5.6.17, for Win32 (x86)
--
-- Host: localhost    Database: ecommerce
-- ------------------------------------------------------
-- Server version	5.5.39

/*!40101 SET @OLD_CHARACTER_SET_CLIENT=@@CHARACTER_SET_CLIENT */;
/*!40101 SET @OLD_CHARACTER_SET_RESULTS=@@CHARACTER_SET_RESULTS */;
/*!40101 SET @OLD_COLLATION_CONNECTION=@@COLLATION_CONNECTION */;
/*!40101 SET NAMES utf8 */;
/*!40103 SET @OLD_TIME_ZONE=@@TIME_ZONE */;
/*!40103 SET TIME_ZONE='+00:00' */;
/*!40014 SET @OLD_UNIQUE_CHECKS=@@UNIQUE_CHECKS, UNIQUE_CHECKS=0 */;
/*!40014 SET @OLD_FOREIGN_KEY_CHECKS=@@FOREIGN_KEY_CHECKS, FOREIGN_KEY_CHECKS=0 */;
/*!40101 SET @OLD_SQL_MODE=@@SQL_MODE, SQL_MODE='NO_AUTO_VALUE_ON_ZERO' */;
/*!40111 SET @OLD_SQL_NOTES=@@SQL_NOTES, SQL_NOTES=0 */;

--
-- Table structure for table `admin`
--

DROP TABLE IF EXISTS `admin`;
/*!40101 SET @saved_cs_client     = @@character_set_client */;
/*!40101 SET character_set_client = utf8 */;
CREATE TABLE `admin` (
  `admin_id` int(11) NOT NULL AUTO_INCREMENT,
  `Fname` varchar(45) NOT NULL,
  `Lname` varchar(45) NOT NULL,
  `Username` varchar(45) NOT NULL,
  `Password` varchar(45) NOT NULL,
  `Email` varchar(45) NOT NULL,
  PRIMARY KEY (`admin_id`)
) ENGINE=InnoDB AUTO_INCREMENT=2 DEFAULT CHARSET=utf8;
/*!40101 SET character_set_client = @saved_cs_client */;

--
-- Dumping data for table `admin`
--

LOCK TABLES `admin` WRITE;
/*!40000 ALTER TABLE `admin` DISABLE KEYS */;
INSERT INTO `admin` (`admin_id`, `Fname`, `Lname`, `Username`, `Password`, `Email`) VALUES (1,'test','test','test','test','test@rgrt.com');
/*!40000 ALTER TABLE `admin` ENABLE KEYS */;
UNLOCK TABLES;

--
-- Table structure for table `category`
--

DROP TABLE IF EXISTS `category`;
/*!40101 SET @saved_cs_client     = @@character_set_client */;
/*!40101 SET character_set_client = utf8 */;
CREATE TABLE `category` (
  `cat_id` int(11) NOT NULL AUTO_INCREMENT,
  `cat_name` varchar(45) NOT NULL,
  PRIMARY KEY (`cat_id`)
) ENGINE=InnoDB AUTO_INCREMENT=4 DEFAULT CHARSET=utf8;
/*!40101 SET character_set_client = @saved_cs_client */;

--
-- Dumping data for table `category`
--

LOCK TABLES `category` WRITE;
/*!40000 ALTER TABLE `category` DISABLE KEYS */;
INSERT INTO `category` (`cat_id`, `cat_name`) VALUES (1,'Movies'),(2,'Games'),(3,'Electronics');
/*!40000 ALTER TABLE `category` ENABLE KEYS */;
UNLOCK TABLES;

--
-- Table structure for table `login`
--

DROP TABLE IF EXISTS `login`;
/*!40101 SET @saved_cs_client     = @@character_set_client */;
/*!40101 SET character_set_client = utf8 */;
CREATE TABLE `login` (
  `userid` int(11) NOT NULL,
  `ordernum` int(11) DEFAULT NULL,
  `date_time` datetime DEFAULT NULL
) ENGINE=InnoDB DEFAULT CHARSET=utf8;
/*!40101 SET character_set_client = @saved_cs_client */;

--
-- Dumping data for table `login`
--

LOCK TABLES `login` WRITE;
/*!40000 ALTER TABLE `login` DISABLE KEYS */;
INSERT INTO `login` (`userid`, `ordernum`, `date_time`) VALUES (4,174998,'2014-12-08 16:24:01'),(4,128041,'2014-12-08 16:54:04'),(4,104001,'2014-12-08 17:20:45'),(4,181361,'2014-12-08 17:38:48'),(4,188685,'2014-12-08 17:44:56'),(4,127766,'2014-12-08 17:45:19'),(4,114085,'2014-12-08 17:49:15'),(4,134885,'2014-12-08 17:55:50'),(4,130507,'2014-12-08 18:00:05'),(4,104451,'2014-12-08 18:02:21'),(4,170839,'2014-12-08 18:08:29'),(4,143300,'2014-12-08 20:23:35'),(4,128348,'2014-12-09 08:26:48'),(4,110469,'2014-12-09 09:31:59'),(4,157200,'2014-12-09 09:34:21'),(4,114399,'2014-12-09 09:44:30'),(4,176283,'2014-12-09 09:46:17'),(4,185096,'2014-12-09 09:48:40'),(4,136757,'2014-12-09 10:36:45'),(4,168842,'2014-12-09 11:26:21'),(6,106492,'2014-12-09 11:33:28'),(4,129342,'2014-12-09 11:44:23'),(4,105836,'2014-12-09 11:57:04'),(4,151689,'2014-12-09 12:12:53'),(4,122317,'2014-12-09 12:18:09'),(4,133741,'2014-12-09 12:35:31'),(4,135703,'2014-12-09 12:37:42'),(4,125837,'2014-12-09 17:25:07'),(4,153479,'2014-12-09 18:54:39'),(4,177517,'2014-12-09 21:41:19'),(6,142655,'2014-12-10 11:56:50'),(6,180909,'2014-12-10 11:57:56'),(4,114365,'2014-12-10 12:06:14'),(4,110307,'2014-12-10 12:08:46'),(4,170470,'2014-12-10 12:10:44'),(4,100284,'2014-12-10 12:24:29'),(4,130420,'2014-12-10 12:39:45'),(4,107703,'2014-12-10 12:41:28'),(4,169415,'2014-12-10 12:45:04'),(4,167803,'2014-12-10 14:02:57'),(4,147393,'2014-12-10 14:03:11'),(4,145923,'2014-12-10 14:06:30'),(4,122430,'2014-12-10 14:10:48'),(4,133071,'2014-12-10 14:25:11'),(4,137580,'2014-12-10 15:16:55'),(4,105327,'2014-12-10 16:14:46'),(4,171173,'2014-12-10 16:15:33'),(4,101004,'2014-12-10 16:16:04'),(4,174909,'2014-12-10 16:31:35'),(4,111215,'2014-12-10 16:48:56'),(4,125067,'2014-12-10 16:50:25'),(4,177090,'2014-12-10 16:50:56'),(4,145322,'2014-12-10 16:53:50'),(4,112051,'2014-12-10 16:56:40'),(4,108867,'2014-12-10 16:59:29'),(3,167654,'2014-12-10 17:00:35'),(8,183863,'2014-12-10 17:02:50'),(4,179003,'2014-12-10 17:03:09'),(4,125994,'2014-12-10 17:08:11'),(4,149707,'2014-12-10 17:28:52'),(4,172503,'2014-12-10 17:32:15'),(4,107198,'2014-12-10 17:35:13'),(4,117563,'2014-12-10 17:48:33'),(4,135592,'2014-12-10 17:51:31'),(4,124377,'2014-12-10 17:57:04'),(4,162353,'2014-12-10 17:57:27'),(4,180585,'2014-12-10 18:12:00'),(4,162751,'2014-12-10 18:14:55'),(3,114432,'2014-12-10 18:18:03'),(4,171425,'2014-12-10 18:18:37'),(4,119256,'2014-12-10 18:19:13'),(3,189401,'2014-12-10 18:19:21'),(3,169368,'2014-12-10 18:22:54'),(4,134901,'2014-12-10 18:25:26'),(4,111967,'2014-12-10 18:35:22'),(4,119653,'2014-12-10 18:55:43'),(4,175057,'2014-12-10 19:24:13'),(4,163048,'2014-12-10 19:25:30'),(4,115302,'2014-12-10 19:29:11'),(4,181255,'2014-12-10 19:40:47'),(4,134505,'2014-12-10 19:44:11'),(4,183024,'2014-12-10 19:46:17'),(4,157930,'2014-12-10 20:19:00'),(4,157886,'2014-12-10 21:13:32'),(4,114093,'2014-12-10 21:40:33'),(4,119004,'2014-12-10 22:01:50'),(4,105726,'2014-12-11 08:56:09'),(4,131499,'2014-12-11 11:12:36'),(4,105284,'2014-12-11 11:29:31'),(4,112552,'2014-12-11 11:33:54'),(4,127822,'2014-12-11 11:38:43'),(4,127431,'2014-12-11 11:39:10'),(4,177010,'2014-12-11 11:47:11'),(4,151947,'2014-12-11 11:49:48'),(4,130821,'2014-12-11 11:50:03'),(4,148625,'2014-12-11 12:23:26'),(4,113864,'2014-12-11 12:54:25'),(3,181040,'2014-12-11 13:04:03'),(3,177919,'2014-12-11 13:05:15'),(4,119427,'2014-12-12 08:38:12'),(4,130492,'2014-12-12 09:01:59'),(4,168196,'2014-12-12 09:26:19'),(4,122568,'2014-12-12 09:43:45'),(4,134994,'2014-12-12 10:48:40'),(3,115719,'2014-12-12 10:57:42'),(3,181104,'2014-12-12 10:59:12'),(3,183005,'2014-12-12 10:59:34'),(3,174849,'2014-12-12 11:03:52'),(5,129992,'2014-12-12 11:06:14'),(3,132857,'2014-12-12 11:14:02'),(8,183717,'2014-12-12 11:14:17'),(6,145127,'2014-12-12 11:15:14'),(4,173546,'2014-12-12 11:24:50'),(4,124902,'2014-12-12 11:25:04'),(4,187109,'2014-12-12 11:31:19'),(4,137181,'2014-12-12 11:36:14'),(4,173419,'2014-12-12 11:39:09'),(0,150417,'2014-12-12 11:39:32'),(4,177911,'2014-12-12 11:39:55'),(3,147186,'2014-12-12 11:49:23'),(6,153697,'2014-12-12 11:49:50'),(5,167358,'2014-12-12 12:01:47'),(4,100584,'2014-12-12 12:01:57'),(3,166648,'2014-12-12 12:03:17'),(8,161733,'2014-12-12 12:03:33'),(4,171568,'2014-12-12 12:13:56'),(4,188669,'2014-12-12 12:16:46'),(4,168477,'2014-12-12 12:17:34'),(4,112147,'2014-12-12 12:27:01'),(3,188232,'2014-12-12 12:29:57'),(3,128666,'2014-12-12 12:41:22'),(3,128543,'2014-12-12 12:43:06'),(4,129051,'2014-12-12 12:54:58'),(3,166981,'2014-12-12 13:03:47'),(3,140103,'2014-12-13 08:49:49'),(3,171037,'2014-12-13 08:56:17'),(4,117623,'2014-12-14 00:37:48'),(4,105146,'2014-12-15 09:08:24'),(4,154807,'2014-12-15 09:23:22'),(4,161210,'2014-12-15 09:24:28'),(4,116089,'2014-12-15 11:08:00'),(4,150429,'2014-12-15 11:42:48'),(2,175889,'2014-12-16 09:40:12'),(4,120604,'2014-12-16 11:38:49'),(4,184770,'2014-12-16 11:41:11'),(4,181718,'2014-12-16 12:13:42'),(6,149625,'2014-12-18 11:56:11'),(6,104001,'2014-12-18 11:56:41'),(6,149177,'2014-12-18 12:02:35'),(6,154450,'2014-12-18 12:13:06'),(6,171442,'2014-12-18 12:36:43'),(6,148555,'2014-12-18 13:25:01'),(6,178747,'2014-12-18 14:11:38'),(6,144609,'2014-12-18 18:28:29'),(6,157283,'2014-12-18 19:34:21'),(4,120260,'2014-12-18 20:49:41'),(6,182828,'2014-12-19 08:37:44');
/*!40000 ALTER TABLE `login` ENABLE KEYS */;
UNLOCK TABLES;

--
-- Table structure for table `orders`
--

DROP TABLE IF EXISTS `orders`;
/*!40101 SET @saved_cs_client     = @@character_set_client */;
/*!40101 SET character_set_client = utf8 */;
CREATE TABLE `orders` (
  `order_id` int(11) NOT NULL,
  `user_id` int(11) DEFAULT NULL,
  `prod_id` int(11) DEFAULT NULL,
  `quantity` int(11) DEFAULT NULL,
  `order_date` datetime DEFAULT NULL,
  `IsPay` bit(1) DEFAULT b'0',
  KEY `orders_ibfk_1` (`user_id`),
  KEY `orders_ibfk_2` (`prod_id`),
  CONSTRAINT `orders_ibfk_1` FOREIGN KEY (`user_id`) REFERENCES `user` (`user_id`),
  CONSTRAINT `orders_ibfk_2` FOREIGN KEY (`prod_id`) REFERENCES `products` (`prod_id`) ON DELETE NO ACTION ON UPDATE NO ACTION
) ENGINE=InnoDB DEFAULT CHARSET=utf8;
/*!40101 SET character_set_client = @saved_cs_client */;

--
-- Dumping data for table `orders`
--

LOCK TABLES `orders` WRITE;
/*!40000 ALTER TABLE `orders` DISABLE KEYS */;
INSERT INTO `orders` (`order_id`, `user_id`, `prod_id`, `quantity`, `order_date`, `IsPay`) VALUES (174998,4,2,1,'2014-12-08 16:24:11','\0'),(174998,4,21,1,'2014-12-08 16:24:16','\0'),(174998,4,13,1,'2014-12-08 16:29:21','\0'),(128041,4,14,1,'2014-12-08 16:54:15','\0'),(128041,4,23,1,'2014-12-08 16:54:26','\0'),(104001,4,13,1,'2014-12-08 17:20:51','\0'),(104001,4,14,1,'2014-12-08 17:25:35','\0'),(181361,4,13,1,'2014-12-08 17:39:01','\0'),(181361,4,14,1,'2014-12-08 17:39:01','\0'),(181361,4,1,1,'2014-12-08 17:39:14','\0'),(181361,4,2,1,'2014-12-08 17:39:14','\0'),(181361,4,21,1,'2014-12-08 17:39:45','\0'),(181361,4,22,1,'2014-12-08 17:39:45','\0'),(114085,4,21,1,'2014-12-08 17:49:25','\0'),(114085,4,1,1,'2014-12-08 17:49:41','\0'),(114085,4,13,1,'2014-12-08 17:49:50','\0'),(134885,4,1,1,'2014-12-08 17:55:55','\0'),(130507,4,21,1,'2014-12-08 18:00:10','\0'),(130507,4,13,1,'2014-12-08 18:00:15','\0'),(130507,4,1,1,'2014-12-08 18:00:20','\0'),(104451,4,21,1,'2014-12-08 18:02:26','\0'),(104451,4,13,1,'2014-12-08 18:02:30','\0'),(104451,4,1,1,'2014-12-08 18:02:34','\0'),(170839,4,1,1,'2014-12-08 18:08:33','\0'),(170839,4,13,1,'2014-12-08 18:08:37','\0'),(170839,4,21,1,'2014-12-08 18:09:08','\0'),(170839,4,22,1,'2014-12-08 18:09:08','\0'),(170839,4,23,1,'2014-12-08 18:09:08','\0'),(170839,4,24,1,'2014-12-08 18:09:08','\0'),(170839,4,25,1,'2014-12-08 18:09:08','\0'),(170839,4,26,1,'2014-12-08 18:09:08','\0'),(170839,4,27,1,'2014-12-08 18:09:08','\0'),(170839,4,28,1,'2014-12-08 18:09:08','\0'),(143300,4,2,1,'2014-12-08 20:23:48','\0'),(143300,4,21,1,'2014-12-08 20:23:59','\0'),(143300,4,13,1,'2014-12-08 20:24:04','\0'),(128348,4,1,1,'2014-12-09 08:27:07','\0'),(128348,4,2,1,'2014-12-09 08:27:07','\0'),(128348,4,13,1,'2014-12-09 08:27:38','\0'),(128348,4,15,1,'2014-12-09 08:27:38','\0'),(128348,4,17,1,'2014-12-09 08:27:38','\0'),(128348,4,21,1,'2014-12-09 08:28:12','\0'),(128348,4,21,1,'2014-12-09 08:35:34','\0'),(128348,4,26,1,'2014-12-09 08:35:34','\0'),(128348,4,27,1,'2014-12-09 08:35:34','\0'),(128348,4,28,1,'2014-12-09 08:35:34','\0'),(110469,4,13,1,'2014-12-09 09:32:04','\0'),(157200,4,21,1,'2014-12-09 09:34:25','\0'),(157200,4,13,1,'2014-12-09 09:34:29','\0'),(157200,4,1,1,'2014-12-09 09:34:32','\0'),(114399,4,21,1,'2014-12-09 09:44:35','\0'),(176283,4,21,1,'2014-12-09 09:46:22','\0'),(176283,4,13,1,'2014-12-09 09:46:27','\0'),(176283,4,1,1,'2014-12-09 09:46:31','\0'),(185096,4,21,1,'2014-12-09 09:48:59','\0'),(185096,4,23,1,'2014-12-09 09:48:59','\0'),(185096,4,24,1,'2014-12-09 09:48:59','\0'),(185096,4,25,1,'2014-12-09 09:48:59','\0'),(185096,4,26,1,'2014-12-09 09:48:59','\0'),(136757,4,21,1,'2014-12-09 10:36:51','\0'),(168842,4,1,1,'2014-12-09 11:26:26','\0'),(106492,6,16,1,'2014-12-09 11:33:44','\0'),(106492,6,17,1,'2014-12-09 11:33:44','\0'),(106492,6,27,1,'2014-12-09 11:33:59','\0'),(106492,6,6,1,'2014-12-09 11:34:21','\0'),(129342,4,1,1,'2014-12-09 11:44:28','\0'),(105836,4,21,1,'2014-12-09 11:57:09','\0'),(151689,4,21,1,'2014-12-09 12:12:58','\0'),(122317,4,21,1,'2014-12-09 12:18:12','\0'),(133741,4,21,1,'2014-12-09 12:35:35','\0'),(135703,4,21,1,'2014-12-09 12:37:46','\0'),(135703,4,13,1,'2014-12-09 12:37:50','\0'),(135703,4,1,1,'2014-12-09 12:37:54','\0'),(125837,4,13,1,'2014-12-09 17:25:16','\0'),(125837,4,21,1,'2014-12-09 17:25:21','\0'),(125837,4,1,1,'2014-12-09 17:25:25','\0'),(153479,4,1,1,'2014-12-09 18:54:50','\0'),(153479,4,13,1,'2014-12-09 18:54:57','\0'),(153479,4,14,1,'2014-12-09 18:54:57','\0'),(153479,4,21,1,'2014-12-09 18:55:03','\0'),(153479,4,22,1,'2014-12-09 18:55:03','\0'),(177517,4,1,1,'2014-12-09 21:41:57','\0'),(177517,4,4,1,'2014-12-09 21:41:58','\0'),(177517,4,5,1,'2014-12-09 21:41:58','\0'),(177517,4,13,1,'2014-12-09 21:42:13','\0'),(177517,4,18,1,'2014-12-09 21:42:13','\0'),(177517,4,21,1,'2014-12-09 21:42:34','\0'),(177517,4,27,1,'2014-12-09 21:42:34','\0'),(177517,4,28,1,'2014-12-09 21:42:34','\0'),(180909,6,21,1,'2014-12-10 11:59:29','\0'),(180909,6,1,1,'2014-12-10 12:01:33','\0'),(180909,6,21,1,'2014-12-10 12:01:40','\0'),(114365,4,23,1,'2014-12-10 12:06:35',''),(114365,4,25,1,'2014-12-10 12:06:35',''),(114365,4,28,1,'2014-12-10 12:06:35',''),(110307,4,13,1,'2014-12-10 12:08:52',''),(130420,4,21,1,'2014-12-10 12:39:51',''),(169415,4,1,1,'2014-12-10 12:45:15','\0'),(169415,4,13,1,'2014-12-10 12:45:20','\0'),(169415,4,21,1,'2014-12-10 12:45:25','\0'),(122430,4,1,1,'2014-12-10 14:11:04',''),(174909,4,13,1,'2014-12-10 16:32:00',''),(174909,4,1,1,'2014-12-10 16:32:36',''),(174909,4,21,1,'2014-12-10 16:32:42',''),(174909,4,13,1,'2014-12-10 16:48:35','\0'),(174909,4,14,1,'2014-12-10 16:48:35','\0'),(174909,4,15,1,'2014-12-10 16:48:35','\0'),(174909,4,16,1,'2014-12-10 16:48:35','\0'),(174909,4,18,1,'2014-12-10 16:48:35','\0'),(174909,4,19,1,'2014-12-10 16:48:35','\0'),(174909,4,20,1,'2014-12-10 16:48:35','\0'),(177090,4,1,1,'2014-12-10 16:53:10','\0'),(177090,4,2,1,'2014-12-10 16:53:10','\0'),(177090,4,3,1,'2014-12-10 16:53:10','\0'),(177090,4,4,1,'2014-12-10 16:53:10','\0'),(177090,4,5,1,'2014-12-10 16:53:10','\0'),(177090,4,6,1,'2014-12-10 16:53:10','\0'),(177090,4,7,1,'2014-12-10 16:53:10','\0'),(177090,4,8,1,'2014-12-10 16:53:10','\0'),(177090,4,9,1,'2014-12-10 16:53:10','\0'),(177090,4,10,1,'2014-12-10 16:53:10','\0'),(177090,4,11,1,'2014-12-10 16:53:10','\0'),(177090,4,12,1,'2014-12-10 16:53:10','\0'),(145322,4,13,1,'2014-12-10 16:54:18','\0'),(145322,4,14,1,'2014-12-10 16:54:18','\0'),(145322,4,15,1,'2014-12-10 16:54:18','\0'),(145322,4,16,1,'2014-12-10 16:54:18','\0'),(145322,4,17,1,'2014-12-10 16:54:18','\0'),(145322,4,18,1,'2014-12-10 16:54:18','\0'),(145322,4,19,1,'2014-12-10 16:54:18','\0'),(145322,4,20,1,'2014-12-10 16:54:18','\0'),(167654,3,13,1,'2014-12-10 17:00:59',''),(125994,4,1,1,'2014-12-10 17:17:19','\0'),(125994,4,2,1,'2014-12-10 17:17:19','\0'),(125994,4,3,1,'2014-12-10 17:17:19','\0'),(125994,4,4,1,'2014-12-10 17:17:19','\0'),(125994,4,5,1,'2014-12-10 17:17:19','\0'),(125994,4,6,1,'2014-12-10 17:17:19','\0'),(125994,4,7,1,'2014-12-10 17:17:19','\0'),(125994,4,8,1,'2014-12-10 17:17:19','\0'),(125994,4,9,1,'2014-12-10 17:17:19','\0'),(125994,4,10,1,'2014-12-10 17:17:19','\0'),(125994,4,11,1,'2014-12-10 17:17:19','\0'),(125994,4,12,1,'2014-12-10 17:17:19','\0'),(172503,4,1,1,'2014-12-10 17:32:56',''),(172503,4,2,1,'2014-12-10 17:32:56',''),(172503,4,3,1,'2014-12-10 17:32:56',''),(107198,4,1,1,'2014-12-10 17:35:20','\0'),(162353,4,21,1,'2014-12-10 17:57:59',''),(162353,4,22,1,'2014-12-10 17:57:59',''),(162353,4,19,1,'2014-12-10 17:58:16',''),(162353,4,20,1,'2014-12-10 17:58:16',''),(162353,4,1,1,'2014-12-10 17:58:30',''),(162353,4,2,1,'2014-12-10 17:58:30',''),(162353,4,11,1,'2014-12-10 17:58:30',''),(162751,4,1,1,'2014-12-10 18:14:59',''),(162751,4,13,1,'2014-12-10 18:15:03',''),(162751,4,21,1,'2014-12-10 18:15:07',''),(189401,3,1,1,'2014-12-10 18:19:28',''),(169368,3,1,1,'2014-12-10 18:23:00',''),(169368,3,13,1,'2014-12-10 18:24:06',''),(169368,3,14,1,'2014-12-10 18:24:06',''),(169368,3,15,1,'2014-12-10 18:24:06',''),(169368,3,16,1,'2014-12-10 18:24:06',''),(169368,3,17,1,'2014-12-10 18:24:06',''),(134901,4,1,1,'2014-12-10 18:26:06',''),(134901,4,2,1,'2014-12-10 18:26:06',''),(134901,4,13,1,'2014-12-10 18:26:22',''),(175057,4,1,1,'2014-12-10 19:24:32','\0'),(175057,4,8,1,'2014-12-10 19:24:32','\0'),(175057,4,11,1,'2014-12-10 19:24:32','\0'),(175057,4,12,1,'2014-12-10 19:24:32','\0'),(163048,4,21,1,'2014-12-10 19:25:37','\0'),(163048,4,1,1,'2014-12-10 19:25:44','\0'),(115302,4,1,1,'2014-12-10 19:37:53','\0'),(115302,4,2,1,'2014-12-10 19:37:53','\0'),(115302,4,3,1,'2014-12-10 19:37:53','\0'),(115302,4,4,1,'2014-12-10 19:37:53','\0'),(115302,4,5,1,'2014-12-10 19:37:53','\0'),(115302,4,6,1,'2014-12-10 19:37:53','\0'),(115302,4,7,1,'2014-12-10 19:37:53','\0'),(115302,4,8,1,'2014-12-10 19:37:53','\0'),(115302,4,13,1,'2014-12-10 19:38:19','\0'),(115302,4,14,1,'2014-12-10 19:38:19','\0'),(115302,4,15,1,'2014-12-10 19:38:19','\0'),(115302,4,16,1,'2014-12-10 19:38:19','\0'),(115302,4,17,1,'2014-12-10 19:38:19','\0'),(115302,4,18,1,'2014-12-10 19:38:19','\0'),(115302,4,21,1,'2014-12-10 19:39:12','\0'),(115302,4,22,1,'2014-12-10 19:39:12','\0'),(115302,4,23,1,'2014-12-10 19:39:12','\0'),(115302,4,24,1,'2014-12-10 19:39:12','\0'),(115302,4,25,1,'2014-12-10 19:39:12','\0'),(115302,4,26,1,'2014-12-10 19:39:12','\0'),(115302,4,27,1,'2014-12-10 19:39:12','\0'),(181255,4,13,1,'2014-12-10 19:41:29',''),(181255,4,14,1,'2014-12-10 19:41:29',''),(181255,4,15,1,'2014-12-10 19:41:29',''),(181255,4,16,1,'2014-12-10 19:41:29',''),(181255,4,17,1,'2014-12-10 19:41:29',''),(181255,4,18,1,'2014-12-10 19:41:29',''),(181255,4,19,1,'2014-12-10 19:41:29',''),(181255,4,20,1,'2014-12-10 19:41:29',''),(134505,4,21,1,'2014-12-10 19:44:40',''),(134505,4,22,1,'2014-12-10 19:44:40',''),(134505,4,23,1,'2014-12-10 19:44:40',''),(134505,4,24,1,'2014-12-10 19:44:40',''),(134505,4,25,1,'2014-12-10 19:44:40',''),(134505,4,26,1,'2014-12-10 19:44:40',''),(134505,4,27,1,'2014-12-10 19:44:40',''),(134505,4,28,1,'2014-12-10 19:44:40',''),(134505,4,13,1,'2014-12-10 19:45:01',''),(134505,4,15,1,'2014-12-10 19:45:01',''),(134505,4,16,1,'2014-12-10 19:45:01',''),(134505,4,17,1,'2014-12-10 19:45:01',''),(157886,4,21,1,'2014-12-10 21:30:57',''),(114093,4,1,1,'2014-12-10 21:40:41',''),(114093,4,24,1,'2014-12-10 21:40:55',''),(114093,4,25,1,'2014-12-10 21:40:56',''),(119004,4,1,1,'2014-12-10 22:01:58',''),(119004,4,13,1,'2014-12-10 22:02:01',''),(119004,4,21,1,'2014-12-10 22:02:05',''),(131499,4,1,1,'2014-12-11 11:13:36','\0'),(131499,4,3,1,'2014-12-11 11:13:36','\0'),(131499,4,4,1,'2014-12-11 11:13:36','\0'),(131499,4,5,1,'2014-12-11 11:13:36','\0'),(131499,4,6,1,'2014-12-11 11:13:36','\0'),(112552,4,1,1,'2014-12-11 11:34:01','\0'),(127431,4,1,1,'2014-12-11 11:39:16','\0'),(127431,4,1,1,'2014-12-11 11:44:12','\0'),(127431,4,2,1,'2014-12-11 11:44:12','\0'),(127431,4,3,1,'2014-12-11 11:44:12','\0'),(127431,4,4,1,'2014-12-11 11:44:12','\0'),(127431,4,5,1,'2014-12-11 11:44:12','\0'),(127431,4,21,1,'2014-12-11 11:44:26','\0'),(127431,4,22,1,'2014-12-11 11:44:26','\0'),(127431,4,23,1,'2014-12-11 11:44:26','\0'),(177010,4,1,1,'2014-12-11 11:47:15','\0'),(130821,4,1,1,'2014-12-11 11:50:21',''),(130821,4,2,1,'2014-12-11 11:50:21',''),(130821,4,3,1,'2014-12-11 11:50:21',''),(130821,4,14,1,'2014-12-11 11:50:39',''),(130821,4,15,1,'2014-12-11 11:50:39',''),(130821,4,16,1,'2014-12-11 11:50:39',''),(130821,4,17,1,'2014-12-11 11:50:39',''),(130821,4,21,1,'2014-12-11 11:50:53',''),(148625,4,21,1,'2014-12-11 12:28:28',''),(148625,4,1,1,'2014-12-11 12:28:44',''),(148625,4,1,1,'2014-12-11 12:30:13',''),(148625,4,13,1,'2014-12-11 12:30:43',''),(148625,4,1,1,'2014-12-11 12:33:05',''),(113864,4,1,1,'2014-12-11 12:55:21','\0'),(113864,4,1,1,'2014-12-11 12:56:15','\0'),(113864,4,11,1,'2014-12-11 13:01:46','\0'),(113864,4,12,1,'2014-12-11 13:01:46','\0'),(181040,3,21,1,'2014-12-11 13:04:36','\0'),(181040,3,13,1,'2014-12-11 13:04:45','\0'),(181040,3,14,1,'2014-12-11 13:04:45','\0'),(177919,3,13,1,'2014-12-11 13:05:20',''),(177919,3,1,1,'2014-12-11 13:05:24',''),(177919,3,21,1,'2014-12-11 13:05:27',''),(168196,4,1,1,'2014-12-12 09:26:39','\0'),(168196,4,2,1,'2014-12-12 09:26:39','\0'),(168196,4,3,1,'2014-12-12 09:26:39','\0'),(122568,4,1,1,'2014-12-12 09:43:50','\0'),(124902,4,1,1,'2014-12-12 11:25:15','\0'),(161733,8,1,1,'2014-12-12 12:03:59',''),(188669,4,21,1,'2014-12-12 12:16:54',''),(188669,4,22,1,'2014-12-12 12:16:54',''),(154807,4,1,1,'2014-12-15 09:23:32',''),(116089,4,1,1,'2014-12-15 11:08:07',''),(116089,4,13,1,'2014-12-15 11:08:13',''),(116089,4,21,1,'2014-12-15 11:08:18',''),(181718,4,19,1,'2014-12-16 12:14:12','\0'),(181718,4,20,1,'2014-12-16 12:14:12','\0'),(149177,6,4,1,'2014-12-18 12:02:56','\0'),(149177,6,8,1,'2014-12-18 12:02:56','\0'),(154450,6,23,1,'2014-12-18 12:13:23','\0'),(154450,6,24,1,'2014-12-18 12:13:23','\0'),(171442,6,15,1,'2014-12-18 12:36:54','\0'),(148555,6,21,1,'2014-12-18 13:25:17','\0'),(148555,6,13,1,'2014-12-18 13:44:41','\0'),(148555,6,16,1,'2014-12-18 13:44:41','\0'),(148555,6,17,1,'2014-12-18 13:44:41','\0'),(178747,6,14,1,'2014-12-18 14:11:55','\0'),(178747,6,17,1,'2014-12-18 14:11:55','\0'),(178747,6,19,1,'2014-12-18 14:11:55','\0'),(178747,6,20,1,'2014-12-18 14:11:55','\0'),(157283,6,13,1,'2014-12-18 19:35:32',''),(182828,6,15,1,'2014-12-19 08:38:08',''),(182828,6,12,1,'2014-12-19 08:38:20',''),(182828,6,23,1,'2014-12-19 08:39:03','');
/*!40000 ALTER TABLE `orders` ENABLE KEYS */;
UNLOCK TABLES;

--
-- Table structure for table `products`
--

DROP TABLE IF EXISTS `products`;
/*!40101 SET @saved_cs_client     = @@character_set_client */;
/*!40101 SET character_set_client = utf8 */;
CREATE TABLE `products` (
  `prod_id` int(11) NOT NULL AUTO_INCREMENT,
  `prod_name` varchar(45) NOT NULL,
  `prod_type` varchar(45) NOT NULL,
  `description` varchar(255) NOT NULL,
  `price` float NOT NULL,
  `release_date` varchar(45) DEFAULT NULL,
  `image` varchar(45) DEFAULT NULL,
  `cat_id` int(11) NOT NULL,
  PRIMARY KEY (`prod_id`),
  KEY `cat_id` (`cat_id`),
  CONSTRAINT `products_ibfk_1` FOREIGN KEY (`cat_id`) REFERENCES `category` (`cat_id`) ON DELETE NO ACTION ON UPDATE NO ACTION
) ENGINE=InnoDB AUTO_INCREMENT=29 DEFAULT CHARSET=utf8;
/*!40101 SET character_set_client = @saved_cs_client */;

--
-- Dumping data for table `products`
--

LOCK TABLES `products` WRITE;
/*!40000 ALTER TABLE `products` DISABLE KEYS */;
INSERT INTO `products` (`prod_id`, `prod_name`, `prod_type`, `description`, `price`, `release_date`, `image`, `cat_id`) VALUES (1,'Blood and Bone','Action','In Los Angeles, an ex-con takes the underground fighting world by storm in his quest to fulfill a promise to a dead friend.',10.99,'20-sep-2009','bloodandbone',1),(2,'Fast and Furious','Action','Brian O\'Conner, now working for the FBI in LA, teams up with Dominic Toretto to bring down a heroin importer by infiltrating his operation.',10.99,'20-SEP-2009','fastandfurious',1),(3,'The Shawshank Redemption','Drama','Two imprisoned men bond over a number of years, finding solace and eventual redemption through acts of common decency.',10.99,'20-sep-2009','ShawshankRedemption',1),(4,'The Godfather','Drama','The aging patriarch of an organized crime dynasty transfers control of his clandestine empire to his reluctant son.',10.99,'20-sep-2009','thegodfather',1),(5,'Mama','Horror','Annabel and Lucas are faced with the challenge of raising his young nieces that were left alone in the forest for 5 years.... but how alone were they?',10.99,'20-sep-2009','mama',1),(6,'Law Abiding Citizen','Thriller','A frustrated man decides to take justice into his own hands after a plea bargain sets one of his family\'s killers free.',10.99,'20-sep-2009','lawabidingcitizen',1),(7,'Inside Man','Thriller','A police detective, a bank robber, and a high-power broker enter high-stakes negotiations after the criminal\'s brilliant heist spirals into a hostage situation.',10.99,'20-sep-2009','insideman',1),(8,'22 Jump Street','Comedy','After making their way through high school (twice), big changes are in store for officers Schmidt and Jenko when they go deep undercover at a local college.',10.99,'20-sep-2009','22jumpstreet',1),(9,'Think Like A Man','Comedy','Four friends conspire to turn the tables on their women when they discover the ladies have been using Steve Harvey\'s relationship advice against them.',10.99,'20-sep-2009','thinklikeaman',1),(10,'Despicable Me','Animation','When a criminal mastermind uses a trio of orphan girls as pawns for a grand scheme, he finds their love is profoundly changing him for the better.',10.99,'20-sep-2009','despicableme',1),(11,'Frozen','Animation','When a princess with the power to turn things into ice curses her home in infinite winter, her sister, Anna teams up to change the weather condition.',10.99,'20-sep-2009','frozen',1),(12,'Insidous','Horror','A family looks to prevent evil spirits from trapping their comatose child in a realm called The Further.',10.99,'20-sep-2009','insidious',1),(13,'NBA 2K15','Sport','basketball simulation video game developed by Visual Concepts and published by 2K Sports.',49.99,'07-OCT-2014','nba2k15',2),(14,'Call of Duty Advance Warfare','Shooter','first-person shooter video game developed by Sledgehammer Games and published by Activision.',49.99,'03-NOV-2014','codadvancewarfare',2),(15,'Battlefield: Bad Company 2','Shooter','a squad-level first-person shooter based in a contemporary modern warfare setting',24.99,'02-MAR-2010','battlefieldbadcompany2',2),(16,'The Last of Us','Adventure','an action-adventure survival horror video game developed by Naughty Dog and published by Sony Computer Entertainment.',29.99,'14-JUN-2013','lastofus',2),(17,'Tomb Raider','Adventure','The cinematic action-adventure that forced Lara Croft to grow from an inexperienced young woman into a hardened survivor',24.99,'05-MAR-2013','tombraider',2),(18,'The Elder Scrolls V','RPG','an action role-playing video game developed by Bethesda Game Studios and published by Bethesda Softworks.',26.99,'11-NOV-2011','elderscrolls',2),(19,'Dragon Age Origins','RPG','role-playing video game developed by BioWare\'s Edmonton studio and published by Electronic Arts.',19.99,'03-NOV-2009','dragonageorigins',2),(20,'Madden 15','Sport','American football sports video game based on the National Football League',49.99,'26-AUG-2014','madden15',2),(21,'Samsung','TV','4k 55 inch TV',2999.99,'20-OCT-2014','samsung4k55',3),(22,'Vizio','TV','1080 85 inch TV',2599.99,'07-NOV-2014','vizio85',3),(23,'Canon','Camera','HD Camera',499.99,'11-MAY-2014','canon',3),(24,'Sony','Camera','HD Camera',399.99,'02-AUG-2013','sonycamera',3),(25,'Samsung Galaxy S5','Phones','The next big thing is here with Samsungs light and more vibrant display phone.',499.99,'20-DEC-2013','galaxys5',3),(26,'iPhone 6','Phones','Apples 6th and newest phone in the market, more technologically advanced than ever',599.99,'07-OCT-2014','iphone6',3),(27,'Surface Pro 3','Tablets','Built to handle even the most intensive of tasks, Surface Pro 3 has a 12” Full HD Plus screen, fully functional keyboard,2 and multi-position Kickstand.',799.99,'23-NOV-2014','surfacepro3',3),(28,'iPad Air 2 16G','Tablets','A world of possibility in just 6.1 millimeters. Apples Air 2 ',529.99,'06-JUL-2014','ipadair2',3);
/*!40000 ALTER TABLE `products` ENABLE KEYS */;
UNLOCK TABLES;

--
-- Table structure for table `user`
--

DROP TABLE IF EXISTS `user`;
/*!40101 SET @saved_cs_client     = @@character_set_client */;
/*!40101 SET character_set_client = utf8 */;
CREATE TABLE `user` (
  `user_id` int(11) NOT NULL AUTO_INCREMENT,
  `FName` varchar(45) NOT NULL,
  `LName` varchar(45) NOT NULL,
  `user_name` varchar(45) NOT NULL,
  `password` varchar(45) NOT NULL,
  `email` varchar(45) NOT NULL,
  PRIMARY KEY (`user_id`),
  KEY `index2` (`user_name`)
) ENGINE=InnoDB AUTO_INCREMENT=9 DEFAULT CHARSET=utf8;
/*!40101 SET character_set_client = @saved_cs_client */;

--
-- Dumping data for table `user`
--

LOCK TABLES `user` WRITE;
/*!40000 ALTER TABLE `user` DISABLE KEYS */;
INSERT INTO `user` (`user_id`, `FName`, `LName`, `user_name`, `password`, `email`) VALUES (1,'','','Admin','admin',''),(2,'','','Jon','jon',''),(3,'Jason','Manley','Jason','jason','jmanley_310@live.com'),(4,'','','Jay','jay',''),(5,'','','Henry','henry',''),(6,'Jonathan','Mathurin','jmathurin2','jmath','jmathurin2@gmail.com'),(7,'bhawana','bhan','bhawana','bhawana','bhawana.thusoo@gmail.com'),(8,'james','moore','james','james','james@1.com');
/*!40000 ALTER TABLE `user` ENABLE KEYS */;
UNLOCK TABLES;
/*!40103 SET TIME_ZONE=@OLD_TIME_ZONE */;

/*!40101 SET SQL_MODE=@OLD_SQL_MODE */;
/*!40014 SET FOREIGN_KEY_CHECKS=@OLD_FOREIGN_KEY_CHECKS */;
/*!40014 SET UNIQUE_CHECKS=@OLD_UNIQUE_CHECKS */;
/*!40101 SET CHARACTER_SET_CLIENT=@OLD_CHARACTER_SET_CLIENT */;
/*!40101 SET CHARACTER_SET_RESULTS=@OLD_CHARACTER_SET_RESULTS */;
/*!40101 SET COLLATION_CONNECTION=@OLD_COLLATION_CONNECTION */;
/*!40111 SET SQL_NOTES=@OLD_SQL_NOTES */;

-- Dump completed on 2014-12-19  8:54:21
